RA,dec,flux,v_mag,b-v
304.88522024610495,39.394954155039805,379409.82501952304,,
305.10059568088616,39.394803031583145,37669.76875839356,,
304.49873417524043,39.395761104631944,38610.7140084276,,
304.6115859234657,39.3955703661016,116466.41420673976,,
304.7937463351535,39.39548504622334,74135.28130116501,,
304.87234412080437,39.395381034629196,43912.13290356455,,
304.8765860602104,39.395323368803034,47193.447920767045,,
304.9064776121019,39.39541696226384,40471.67361524547,,
304.9664715011963,39.39512878824577,130328.77423033696,14.642,0.798
304.65770939963824,39.39591153652229,41050.43822462818,,
304.78379176592205,39.395725017094115,38817.605047054785,,
304.61908947037296,39.39587935455957,445824.5038334605,13.015,0.818
304.76749785803776,39.39587827697297,74257.97952334542,,
304.65260253124336,39.396405354675174,44900.300909423335,,
304.8508865825743,39.39618924324109,40621.46276199619,,
304.57133719212237,39.39687095969889,42270.37203742775,,
304.7452721832915,39.397044665019095,131187.4217497636,,
305.0330716132449,39.39625269224825,49073.738674934946,,
305.049823079209,39.3961120143363,43834.64205875272,,
304.81183208570616,39.397215339501415,48648.32914654089,,
304.8293196495124,39.39761871619458,44999.098821453925,,
304.98574429561137,39.39740413386012,41922.297159637754,,
304.6039745745964,39.39839891728736,181781.17715472533,14.168,0.581
304.9093133338663,39.39801694260365,50850.125661445214,,
304.5061390921356,39.39853962495258,63662.66737035232,15.873,1.363
305.03788291579383,39.39779720785708,44208.86291181924,,
305.0438035847784,39.39806755574748,44915.03256495681,,
304.7371420517766,39.39909322029002,45201.703193819885,,
304.7623445444621,39.39906572861215,43225.96326592788,,
304.8785852256616,39.399035268739844,120513.06696056375,,
304.63309737141253,39.39941697390147,53746.61140133121,,
304.9676366251048,39.39890360831496,40920.69425038941,,
304.8949618216171,39.399411906725035,55851.347709167756,,
304.5569601583336,39.400231837319446,68112.07274060522,,
304.8448600404824,39.40001921274906,55582.021678730925,,
304.85840478847473,39.40005825908538,40388.93455542198,,
304.78290750901624,39.40039686007403,63776.14536538278,,
304.55453153170515,39.40075766062232,56689.20151046546,,
304.63786800417665,39.400880513098734,41832.06082264715,,
305.01576422595195,39.40015097507361,43267.07178220788,,
304.6585508858049,39.40096650290519,43342.318786367265,,
304.70807480712716,39.4009535745982,47175.98050539652,,
304.77157156186433,39.400830457078634,55153.9355473273,,
304.8645910272977,39.40080266286633,38442.206422035386,,
304.64677424620805,39.4011802754156,43935.100702307405,,
304.6796167465859,39.40162577584604,46979.75220152253,,
304.68412726630737,39.40234899948678,153161.62573143526,,
304.72025721932926,39.401997969789974,40204.750021511805,,
304.8256527604061,39.40178967329933,45348.09681729203,,
304.89340151920146,39.40152677727647,768112.2073553732,12.326,0.659
304.6568015839758,39.40306582968105,48390.56542475679,,
304.68416388020427,39.40236447092521,158100.41205662044,,
304.93299225073844,39.40179328546672,56850.347288109595,,
304.9386436187304,39.40187006912501,57056.11252226554,,
304.51905013477057,39.40243478809975,53809.485235864144,,
304.9617715489556,39.40208146088247,41230.81934947989,,
304.4881759341921,39.40286203184659,41415.955009162804,,
304.7723811113428,39.40293205192308,46793.11565440081,,
304.65683088928404,39.40311243082761,48701.06478869434,,
305.01654376173093,39.4024216895028,101811.37521751755,nan,nan
305.07791701025457,39.40231903620017,65217.794266649245,,
304.52219144459104,39.4033242764996,40044.04579601467,,
304.60414676306874,39.40355956088896,124971.80693233934,,
304.50988350945283,39.40365573354637,67300.92334412469,,
304.77853381328083,39.40350512388629,397620.8555762617,13.21,0.503
304.6226731818103,39.40396411686829,39920.619102612254,,
305.0620283120908,39.40304929325804,1404633.0760332346,,
304.5296614870694,39.40415682822111,49331.53721404091,,
304.6946721324228,39.40410147199663,42921.018337422865,,
304.7870539808487,39.4039156031513,39433.687546092915,,
304.86122249134377,39.40379583749855,38562.691838960556,,
304.8088653738532,39.40409258250877,42085.64561971794,,
304.8233856091866,39.404041827943274,69697.90084861167,15.905,1.159
304.5206754143956,39.404697172592144,45975.43550631472,,
304.52324467194995,39.40464979253715,39887.40177979336,,
304.6392722746231,39.40519404520709,40512.14288416732,,
304.8723207207858,39.40495426183753,48869.03191755947,,
304.96876154970795,39.40458643930118,41742.558341348,,
304.6459009871881,39.405466701382984,40326.631750619104,,
304.80121022745607,39.40518055154579,43616.49846895694,,
304.856521996985,39.40512449150404,62582.67195019477,,
304.99402458564805,39.404773386877785,84114.88958629697,15.461,1.178
304.4828938446121,39.40549265235771,48096.98731839208,,
304.7369485434728,39.40588498270768,42642.60999710541,,
304.8339925834544,39.405367868730075,48109.88519754083,,
304.8844472537119,39.40526953755766,52867.42709661038,,
304.9473439400226,39.40534851641326,79124.21407351237,,
304.64935959719054,39.4061072796976,42622.86443812054,,
304.46015272692154,39.406171148092305,82015.61452083488,15.281,0.675
304.73658921176025,39.40655721525308,46300.67658426451,,
304.66938822158744,39.40639722598089,42309.23733920663,,
304.7175740171454,39.40671334996267,78608.84838666604,,
304.73942408194415,39.40658126663095,41421.63966125815,,
304.6881921665043,39.406250019540835,1391343.8867164513,9.084,0.587
304.6883584194533,39.40621638812444,1385290.0296344273,9.084,0.587
304.736696767794,39.40659682472563,46535.76453140247,,
304.8714941516498,39.40635764516236,43254.54410307611,,
304.90595417385447,39.4063900553165,76067.38217613965,,
305.07398150993197,39.405770118263234,50170.82837894794,,
304.90820740635024,39.406483687183915,53429.52273719451,,
304.921357176041,39.4064733362163,41347.34694386672,,
305.0976932151057,39.40600240913626,46870.785613118955,,
304.4675725920916,39.40737187908586,66906.05787946162,,
304.47066502557493,39.40720951895798,67232.54784960454,,
304.89818686320365,39.40694867714484,39111.54097120904,,
304.5858089869598,39.40754458022,55264.50335046568,,
304.8637950404247,39.407268681738906,39684.75058293638,,
304.62000919869627,39.40777856001283,51892.810789348034,,
304.64184470360516,39.408025827518934,51364.42313662126,,
304.71773275489767,39.40816153500355,690003.5546388276,12.504,0.692
304.9121463765379,39.408366322046284,54840.87176102746,,
304.60537952959265,39.408873665205526,318069.29189182376,13.438,0.57
304.6627059228336,39.409009785184864,43506.50819721329,,
304.71453904880775,39.4088537808056,40661.987158584154,,
304.8969583001987,39.408743078159105,42269.6008444084,,
304.5966658195588,39.409495566096176,45917.23379935137,,
304.6927008053999,39.40968837890367,1045162.9343903178,,
305.0798755661328,39.40871939697411,99970.52671015296,,
304.5457037960439,39.409780745843676,50676.8222753252,,
304.5975416642561,39.41015777464972,40624.136910647154,,
304.68354029289014,39.410196986295034,66315.09680712516,,
304.97834895549846,39.409737318660994,40005.43393619837,,
304.8814750239227,39.41004815864658,326101.396705329,13.668,1.745
304.5200558220951,39.41059769576287,95654.24476215453,15.197,1.306
304.67250367074394,39.41062082971766,54140.748770864295,,
305.02844667679847,39.4100073938932,52041.302620845105,,
304.58379928143916,39.411720203028025,70242.55969118289,,
304.99081606849086,39.41055700514293,39851.25927540325,,
304.9369128745771,39.410956664321034,679289.524435172,12.551,0.607
304.5564305546028,39.41169960875298,79538.11858188325,15.571,1.382
304.58382143075454,39.41173195592146,70424.93019729793,,
304.63462633842664,39.411741241201256,58672.156272771346,,
304.7468854492679,39.41169816107122,39456.17422202836,,
304.81462810757654,39.41157397303684,40239.264220175195,,
304.4721410417174,39.411919793208945,48463.896891270706,,
304.75843422528277,39.411931293893815,39693.78662135996,,
304.4729269815682,39.41201985480269,71770.792796342,,
304.8674801999204,39.41194352457539,51804.59695667258,,
305.06675552294837,39.41137612491641,52599.810897083364,,
304.8319480375601,39.41217096227109,45631.05842017317,,
304.89302509406116,39.41205118578241,40142.654216616334,,
305.0080844782338,39.41180365750794,46158.39911193109,,
304.7565537403915,39.41263221792867,77692.8151042388,15.689,0.881
304.8284037970924,39.41245576319977,38885.07791182946,,
304.68815907765764,39.412787723215764,81592.24625431765,,
305.07217267582257,39.41189424719788,56158.740763271846,,
304.7712692461044,39.413226280513996,43199.064421657175,,
305.02514960063087,39.412595872327636,44826.96742132413,,
304.7608990272827,39.413331095470504,44160.776612302296,,
304.5087498654927,39.41370607465274,52543.67006377702,,
304.65977191649847,39.41386004600552,43403.110986623826,,
304.8985534936831,39.4135985654102,63066.89966860678,,
305.0405784760447,39.41327244384563,51832.999155498175,,
304.5850608195957,39.414121837617024,94231.12992428312,,
304.70552030585793,39.41417198804299,63255.84904220413,,
304.76606454920085,39.41448801938863,68692.75179297943,,
304.92237205360374,39.41372904410051,158846.138128398,14.387,0.749
305.0118954700809,39.41342106533647,49450.19637336646,,
304.5751157155973,39.41443352051483,40244.98266763347,,
304.6975273178848,39.41427667247676,42012.79028519893,,
304.80695283066706,39.41416601834694,51315.37284051704,,
304.7660329055889,39.41449954585081,69448.83392088421,,
304.7789230363238,39.414518050738195,46053.92377746957,,
304.7972952420226,39.41441744814523,44702.3449405076,,
304.8799312397993,39.41425126477601,39449.78410412629,,
304.6204163677852,39.414933963558944,41901.72328274175,,
304.8611278580638,39.4144574803892,66965.61049284243,,
304.825005805274,39.41489464786289,40753.00888241465,,
304.99928795557724,39.41486032767831,40799.36010620517,,
304.6555053378644,39.41578671188421,63481.83863315985,,
304.6865260047239,39.41564595539353,43808.3719449375,,
304.47309802727386,39.41601344430627,41455.060347978,,
304.6336073036775,39.41605812004257,43057.87878447062,,
304.8570109954537,39.41561929739193,51496.547867736546,,
305.08294065151534,39.414895685991965,51013.5640084039,,
304.4731013611884,39.4160150445337,41455.258859752656,,
305.0085900944881,39.415564430899906,261909.77483269392,,
305.01139792495945,39.41551025117255,140131.58887994787,,
304.6240495709856,39.41634139350479,46757.482694129096,,
305.05549688216547,39.415602051933085,43037.29169060412,,
304.625982927057,39.41667747547298,47010.76106279426,,
304.81845607382843,39.41665099536653,49046.66010345198,,
305.0633541685065,39.415992663584525,54299.15174745651,,
304.82457841123966,39.41683244439958,400446.1296840132,13.22,0.631
304.8711430156487,39.4172364834348,51186.986575905845,,
304.6711943427899,39.417734528952444,40841.78443544952,,
304.9956241802307,39.41711634218984,59155.02451239547,,
305.0467932843647,39.41691004941922,120970.88904645326,,
304.50994418466377,39.41795139947926,53113.481653956354,,
304.5964263056575,39.418213615748826,95227.90493694386,,
304.52865665006095,39.41901548269488,41291.127840626585,,
304.5328384044977,39.4189664403711,43413.51366868855,,
304.7807481445224,39.41881179618828,42562.31161929174,,
304.92909988775943,39.418699623172635,40343.97046325164,,
304.6036852115887,39.419684610249384,383021.50431138877,13.313,1.567
304.77459383021477,39.41964887546293,65644.59105505305,nan,nan
304.8433220075786,39.41978881875469,42016.01506116101,,
304.8873014618788,39.419749914476704,65089.72374852,,
304.8942840542185,39.41965330112877,66204.73931051258,,
304.5930286369358,39.420321302541474,45369.55873916575,,
304.7086230485713,39.4203275729331,40840.69896447967,,
304.99987226446626,39.41969491221944,42693.51141148225,,
304.57819770480575,39.420638858829875,40842.95281432369,,
304.6915696839763,39.42051415699607,44537.2159672852,,
304.99466305105744,39.41997936954282,63662.59257051841,,
305.0562165575642,39.41975956929559,39344.02557002263,,
304.6208275840574,39.42065303670453,44298.91524770804,,
305.00437076063605,39.42026009882255,47363.31406273886,,
304.79328596516353,39.42104278244416,317615.1244998508,13.482,0.562
305.04027800670383,39.420681803048545,43230.081413870605,,
304.55194750789946,39.421723824829,40322.95578757964,,
304.5800289805459,39.42162354466127,42309.06017073578,,
304.70710206358916,39.42154696908758,42708.575730185665,,
304.89791777951075,39.42118889754317,52942.57590483395,,
305.0887434824433,39.42071857696766,45597.625090659385,,
305.0075966179792,39.42108803744537,41093.508770120156,,
305.02973120533386,39.421103562264335,57260.52190797876,,
305.05817795109976,39.42107384100462,49136.28361788493,,
304.5001630997657,39.42208225227288,67483.70374729027,,
304.656294858217,39.42196723601601,42892.03292071921,,
304.5442274761088,39.42224781538381,46662.658633301304,,
304.5936104631607,39.42221281601318,125656.28808214288,,
304.90645590656493,39.42184692136216,44904.57476904761,,
304.7421893510937,39.42241001238398,52717.034084083425,,
305.002134620289,39.42185572813068,40079.97540926835,,
304.47670228146393,39.422699160672714,41335.033596088964,,
304.83882821375164,39.422550866475085,50250.63056334789,,
304.5242645437038,39.42299313951121,117926.26978360633,14.759,0.943
304.78834440638195,39.42327353637678,80033.27856759852,,
305.0373268693605,39.4227842194245,54185.04104965234,,
304.48694547344576,39.42361845892508,42395.55897755388,,
304.7149409050579,39.4237631987836,216810.37889777738,13.998,0.88
304.89721619458606,39.423502716949315,40313.88020534984,,
304.58489000038185,39.42401585208808,46741.245871933155,,
304.9309177590267,39.42353525759728,42977.30317640573,,
304.6285999253556,39.424242391414445,41045.368152151284,,
304.70023552976755,39.42428026460433,52700.16778780601,,
304.7507848666519,39.42430323282378,40413.150856878194,,
305.05755636659,39.423485443176475,71951.29640046948,,
304.69041613567646,39.424434166959884,54986.52886881064,,
304.50896746196,39.42471363797003,42369.00450988059,,
304.6435004809089,39.424661497944385,45681.14060963567,,
304.72082571829293,39.42471013526364,42705.23819720174,,
304.7456357331958,39.424700954571236,44336.36829372795,,
305.0523751116019,39.42351986580094,1341973.6449152725,10.122,0.791
304.6163167664771,39.424834143086954,46608.48508992148,,
305.0523849336876,39.423586704537215,1336755.6456798527,10.122,0.791
304.799289978216,39.42498842685547,79330.93805650277,,
304.58841793132444,39.42545027675243,40677.09523719481,,
304.6499748651527,39.425492117140486,61904.05094770165,,
304.70358785698977,39.42560067587292,63434.36254942098,,
304.9323134189165,39.42509848670787,40805.162145977585,,
305.0436760597482,39.42470816136829,44363.706147389326,,
304.66250239619404,39.42586671958986,40394.38420789563,,
304.5032368393056,39.4259939654943,46613.18184080259,,
304.5795062190689,39.426259444178996,47906.52274634988,,
304.605995729239,39.426296534444724,60225.78503654333,,
304.6896114879406,39.42630622267507,40776.84469176606,,
304.7827793509261,39.426225987789756,113697.20181111699,,
304.56885105635865,39.42662560344506,396145.3221086192,13.349,2.334
304.6094701121959,39.4266906278105,39509.319654005005,,
304.78789781240135,39.4265453254852,39221.99075261429,,
304.5237275862612,39.42693340326416,42174.204646497805,,
304.8888755352075,39.42662786787927,785668.7070560025,12.3,0.533
304.80395072666414,39.426821617697485,39442.96199838567,,
304.68256162845074,39.427446818233065,49728.26514473284,,
304.9338835946005,39.42683558029558,38739.03261512091,,
304.60312500481126,39.42779539072098,45902.96799095468,,
304.4598512804703,39.42787378493627,187920.06230760692,13.959,0.772
304.62085238371446,39.42796283652326,46208.923385906644,,
304.9063683474627,39.427612540367036,50306.194141771855,,
304.5688910114328,39.42661204269187,409229.13924040383,13.349,2.334
304.63636578791113,39.42813953792472,56846.62590369181,,
304.58655587808437,39.428367098439956,41491.118384721696,,
304.52301175922867,39.42871150149163,64115.044195052375,,
304.75051500277226,39.42859290736357,69033.40878785437,,
304.90347365821464,39.42831606945433,42642.769878041,,
304.96791838070806,39.42818867839097,58170.78103024896,,
304.6337843669622,39.428758477449335,45287.15878029814,,
304.86918119238527,39.42854770034289,40479.76616676895,,
304.73072165475554,39.42890070664993,45169.459392936435,,
304.7481408392626,39.42912515883909,58426.074983820974,,
304.9719711937199,39.42882034500117,72052.54035852698,,
304.63896749542005,39.429606209950954,135524.2213274158,,
304.82748575029933,39.42928125695545,47012.9958052615,,
304.84793396095824,39.42931955147368,41496.046803576246,,
304.8796092567797,39.42924341274802,48449.28557731875,,
305.0714376071062,39.42864236246816,50774.551725286794,,
304.64486599701155,39.42979179503384,65525.83640753124,,
305.0005563682063,39.429410379060315,43086.55959606753,,
304.7754160910914,39.43017951990992,47284.64146858681,,
305.04442228084497,39.42961551626553,41337.918695696135,,
304.6467910863341,39.43102083815489,41095.636925770945,,
304.7017338378827,39.43099151160541,79344.03986654,15.456,1.06
304.7790798221471,39.430914319997164,47263.06441970101,,
304.8840024570681,39.430757572423154,39668.39646987485,,
304.4922783219629,39.431295444491866,45561.61716658304,,
304.6641741005198,39.431929572786565,71909.31017820621,15.775,1.439
305.05034911424343,39.431155853524764,53819.60722868421,,
304.88266164869503,39.431824919797045,51030.430811296224,,
304.9178475218837,39.431838553591795,57175.03341060004,,
304.896820488525,39.43228862728316,79380.31062278808,,
304.529294609436,39.43285773386088,40755.85352059849,,
304.5354176632294,39.432850066484235,122244.0311345794,14.753,0.73
304.8686154267431,39.43284237443896,40006.85656336987,,
304.6561394686251,39.43327762245638,43760.32844340418,,
304.80752169487334,39.43305472862008,49870.930504100696,,
304.72713231236827,39.43345715456425,44530.46191989337,,
304.62330993924917,39.43371205555627,40578.072321661006,,
304.62892296220883,39.43369677261999,124787.671191113,,
304.84346389654496,39.43336213735324,39379.30427355618,,
304.60184107650605,39.43420607578057,55176.62082864883,,
305.05898869742975,39.43325096073797,40093.59447857537,,
304.76332299373234,39.43420864205868,97941.19744263685,,
304.88692406211555,39.43406973380075,38381.961809838125,,
305.061211527965,39.433543690323965,44457.69248802009,,
304.61222349286345,39.43477691835313,69005.51105067883,15.891,1.001
304.855535721604,39.43448455090758,46258.18325138806,,
304.54163436392906,39.43493385194488,95459.17004085616,,
304.6233879080429,39.435158799055344,41224.04412820462,,
304.6445291907686,39.43512070460118,60747.93808063156,,
304.7279860780064,39.43524624475357,142947.25506496002,14.592,0.952
305.04472042868235,39.43431269711524,40621.65192267933,,
304.8794765628723,39.43518162433199,43650.368528959945,,
304.92013321630685,39.43505428602046,141432.76483895542,14.573,1.045
304.79448760886714,39.43553471681356,811505.6075660398,12.229,0.851
304.56471489421915,39.43603240059593,40934.48527526059,,
304.76351751023054,39.435668811391444,355358.76927209913,13.24,0.563
304.787302991917,39.43581033974583,64367.6042532382,,
304.8485937489702,39.435708513747905,53172.166334535264,,
304.6836219369748,39.43606052075943,40419.679187189395,,
304.73898647361773,39.43619798553642,41684.41916665625,,
304.972867490045,39.43566813978654,38412.97818809261,,
304.59901462410767,39.43668374879062,41390.169684065906,,
304.6430811061409,39.436550708779016,40957.00228106757,,
304.92239377594456,39.436229574211815,40781.484938788475,,
304.51849098409906,39.43682415654084,41778.82963978019,,
304.91310924634723,39.43628646806735,65816.42527098535,,
304.84084539242036,39.436667271339864,47436.64516466222,,
304.8549596159183,39.43679705129397,37700.88257784974,,
305.0162493544502,39.43623177149105,49222.228184346204,,
304.6888871115078,39.43710090666287,43753.26580999185,,
304.6282040434069,39.43735445724651,459148.60539908684,13.04,0.707
304.69902770769346,39.43747736956643,55887.52605649192,,
304.65626699981783,39.43786615468465,56171.762187602246,,
304.88221070641214,39.43747061966171,127051.56697279237,14.752,1.11
304.69411402187484,39.438029162438134,39994.785132966004,,
304.7396938164816,39.43806645522098,45411.20592686143,,
304.8637304807759,39.437773522770385,46324.82761863265,,
304.9095633050953,39.43774818480289,44093.77871360368,,
305.05480123588706,39.437193119158,40282.537208683854,,
304.84990222143904,39.438069198561095,46162.90145624395,,
304.6892593507409,39.438657293040315,43141.74244326473,,
304.6065672488566,39.43911421846653,47932.514104975424,,
305.0091320581257,39.438176321628916,39683.026878146746,,
304.83145119823473,39.43887822977905,56846.807896492384,,
304.6848198533802,39.43938218294018,42004.322189396626,,
304.7905376826133,39.43921729868206,77690.86248225477,,
304.5199527660964,39.43949273250316,46484.72811923582,,
304.8145645605353,39.439633355376,60076.56350730062,,
305.06466541250796,39.43895450614016,40248.83507347305,,
304.58705897474357,39.440171733685006,45667.787131800265,,
304.6634322934981,39.44011849391637,62463.73952547719,,
304.7297206347509,39.43992551811677,45115.03599309504,,
304.9397976446843,39.43976279216835,44803.90350846302,,
304.96150281786345,39.43984356871342,42035.51887594161,,
304.55709488340386,39.440401753553445,51164.069182269544,,
304.8034812176628,39.440358333330245,42447.8177727762,,
304.4790281202119,39.4405917346921,312345.99413559184,13.352,0.634
304.93568505766956,39.440263578194994,47104.0731126981,,
304.56625604287984,39.44097530561888,51791.44265910783,,
304.645637702708,39.44095727692605,104123.76413270559,15.163,2.082
304.81313687416986,39.440858899522475,618373.8824564539,12.749,1.616
304.84742652616774,39.44089520496182,83855.19678059967,15.458,0.738
304.8961305275004,39.44080991712923,54598.51108670062,,
304.87122135296096,39.44141617767703,40041.23030070502,,
304.6584696317153,39.44172115016503,39683.17220406698,,
304.71312053100695,39.44185172455819,52823.268388672186,,
304.8327910960052,39.441608861805825,39442.84063171773,,
304.66749449596955,39.44192023215327,82719.77745889136,,
304.6867484947781,39.44201481089735,40705.04287132731,,
304.73925808793723,39.44195922202382,40477.17499347053,,
304.8359307243587,39.44180657248744,42082.92014410313,,
304.8626028436258,39.441782061796125,40310.446358018686,,
304.894104889948,39.441643304039154,160813.29667266665,14.175,1.12
304.98206725799776,39.44150157856173,41809.309005938056,,
305.0000689076425,39.44138546040796,283984.9625698412,13.641,0.863
305.0402469523771,39.44119142838826,40435.23380567558,,
304.9065163278135,39.441817502211265,40073.49326039112,,
304.9211254568122,39.441791600305294,44505.4210132421,,
304.53338296401637,39.442507150599035,49309.936648023104,,
304.76808296541,39.442400274439066,121425.77698604243,,
304.8807682109043,39.44233739419617,52542.57438358971,,
304.93122811561864,39.44225968487911,39047.64809787522,,
304.7168277753416,39.44285640112631,43111.33230793422,,
304.78853885597124,39.44312276926901,311589.6338574164,13.527,0.588
304.9545689771649,39.44298472202946,39236.2353884586,,
304.9632451122159,39.44293113786934,155026.86814795787,14.468,1.146
304.80368500415386,39.44360615153805,43683.3894991438,,
304.8443722247684,39.44368791275531,39054.39701826829,,
304.63289522489146,39.44407331182321,718524.3075727257,12.471,0.655
304.89371522267516,39.44373632291157,64785.46136195137,,
304.88312226754607,39.44378304256004,189822.85770298593,,
304.9829298172024,39.443670601145215,49135.56071306362,,
304.5856366339594,39.4445006383737,42682.39365039106,,
304.7674148444862,39.44428487162231,420661.9597691044,13.072,0.58
304.93928162971355,39.44396019396549,38903.25860573405,,
304.8167751988027,39.44445069604456,40409.3762579343,,
304.4802530674176,39.44510462729788,44234.85070211424,,
304.67316477547655,39.4452824554787,51330.15926751634,,
304.8360295271993,39.4450660299671,39926.65069789891,,
304.8522269843115,39.445398165795766,41878.82408732833,,
304.53765516431474,39.445819666221375,44740.060022757025,,
304.80803245510003,39.44556061294166,142985.4711300192,,
305.05176521915473,39.445033392772025,95539.97837955243,15.125,0.986
304.554678402026,39.446488933738436,60215.05414962026,16.131,0.907
304.5426621142722,39.446705235121016,68540.09453533193,15.867,1.339
304.59507822743427,39.4466040489631,40262.03174875661,,
304.65393466783405,39.446639161656364,38577.89290449638,,
304.70646351795415,39.447108645852886,41365.726461158374,,
304.74285191336423,39.44702928099749,213612.27603692084,14.039,0.863
304.824184250336,39.446843693884986,51069.71160452391,,
304.8790979238762,39.447173036898505,89656.37154851074,,
304.5976464768484,39.44763066093164,70954.39483677543,,
304.62204180649763,39.44768348130999,41845.61983282038,,
304.8825986187414,39.44731547711163,49800.32993253126,,
304.68484134435124,39.44789318524117,43386.80947241798,,
304.76430326199994,39.44791483768013,109553.09133361766,,
304.9097781693418,39.4478002106152,42427.6081395993,,
304.44689327261256,39.44827308129283,44963.89976533552,,
304.93673261095927,39.4480822485592,70391.23132453827,,
305.0203714760504,39.44782411097263,46817.12862720206,,
304.6761003767846,39.44883898258773,69555.58644516773,,
304.7530360698143,39.44862837433949,67978.93239915863,,
305.0873002262541,39.447853403918,158723.10594500753,14.519,2.332
304.63987694129844,39.44893738502325,44658.4354470312,,
305.08951588776756,39.448213392665046,47688.409940011225,,
304.87345342452534,39.449464480099365,85520.34080865252,,
304.62733881561655,39.44989057550072,38653.93586839703,,
304.7695183665348,39.44974404968156,51806.9067259333,,
304.5997687036552,39.45007726125033,39214.67344087421,,
304.8656001240877,39.44992622023791,38280.87746590138,,
304.6053235924175,39.45029096746493,47926.72234249616,,
304.74423126218517,39.450890182266185,54702.77231869898,,
305.0090841806685,39.44989391027916,40488.3003144411,,
304.76311880686916,39.45060067358371,42827.367109778264,,
304.93266997941845,39.450346670467624,74707.5720737677,,
304.6198338677048,39.451050848291665,44381.326820934424,,
304.659614053632,39.45135127650775,40035.296411657335,,
304.7442804236433,39.45132571113417,62735.593158288066,,
304.91866263068,39.45096945801172,463012.4315072104,13.034,0.654
305.03564566999245,39.45060149034719,90977.56888818051,15.248,1.0
304.87733126071845,39.451374075800636,41480.2799758398,,
304.8888321080977,39.4513923766565,45044.15738252941,,
304.71095824531466,39.451836800012394,450079.9069450321,13.043,0.682
304.83389013738196,39.451612004621666,50843.44888248179,,
304.88373866916595,39.45151527480476,38809.85089412539,,
304.63370834126147,39.45207971116384,55011.72576985526,,
304.6951295656669,39.4524016581245,42806.13185538684,,
304.6988892112051,39.452466864214806,63590.30116150578,,
304.74739206252434,39.45273615333394,101267.74041090021,,
304.68986424637205,39.45301814814849,45690.134149651436,,
304.9523182699918,39.45243248323518,52834.724867688376,,
305.00133784421763,39.45226432488003,44003.16288961273,,
304.7085334318384,39.453050125518075,79396.09441063763,,
304.790800392322,39.45332531445904,43507.634914584116,,
304.79823281181575,39.45328374848308,42926.91341503629,,
304.5221833320033,39.453733548800905,40755.03817410489,,
304.5746476500462,39.45387801802896,44290.70974561194,,
304.73585550689177,39.45390348976935,39945.48850655965,,
304.83533638693433,39.453593373189875,44945.608982299054,,
304.6845422987721,39.45441259616873,40210.95034406512,,
304.7557274252296,39.45454757919833,42238.02460739173,,
304.77042554886197,39.454409633393695,132167.10601599189,14.673,0.814
304.78639921418477,39.45441976829676,56037.73711484728,,
304.9669585236184,39.45405012550881,39743.851279177485,,
304.9947133496165,39.45377229466598,41983.521676525954,,
304.9495654787748,39.45416205210118,45264.98355602079,,
304.8026764383213,39.45480192490653,42151.62765102977,,
305.02121180869227,39.45427720774433,82480.0693969672,15.281,1.089
305.021034860081,39.454297287863604,75685.66447255107,15.281,1.089
304.73948609578395,39.45549939297076,43199.32850408775,,
304.87375822927044,39.455227945620074,51575.17494200627,,
304.92986588380404,39.455094222456836,141293.9653619259,14.658,0.892
304.6973247914615,39.45578287221706,38793.344277975484,,
304.9478825119463,39.45559041868306,37256.350430529936,,
304.7763344617284,39.45617291952137,41676.29192810079,,
304.8948582571067,39.4558824492894,41249.37100287526,,
304.7525273126631,39.45639754228649,150351.85927929895,,
304.5693923990655,39.45676525882461,50149.253489930576,,
304.87922795133903,39.456324420273916,44138.78337876437,,
305.07497337241597,39.45586330933235,85054.09424948815,15.448,1.046
304.5021726067555,39.45686006156849,48698.846363904006,,
304.6857102008918,39.457119284849064,65333.21472209379,,
304.8722976420878,39.45714003388885,40494.50083994224,,
305.0140981195583,39.4568100916914,50778.97055998692,,
304.7702372435686,39.45774605304762,42469.88922878558,,
304.62081195655406,39.458005292082504,43900.139097860556,,
304.6218562581409,39.45801264866034,42518.092775724406,,
304.55103351021546,39.458175398004954,92114.14594249372,15.245,0.765
304.82587745942214,39.457922840620576,51968.89370217299,,
304.4475702731045,39.45828933013812,67616.23814867524,,
304.677313930533,39.45844110060681,61175.24843024113,,
305.00219637809744,39.458427329187245,51319.39657297137,,
304.55579094665694,39.45938053960607,43206.87044890357,,
304.88664101010187,39.45944695623136,47405.50202643123,,
304.69801693398097,39.46000886201164,40718.53527801543,,
304.77507317120177,39.45985122092319,42025.5868770037,,
304.4451910214611,39.460115059521726,47470.36001150107,,
304.4493334331858,39.46012558680626,39759.02374887053,,
304.7535432573955,39.46001435898404,59944.11998088907,,
305.08559441026523,39.459177261646914,39534.12624909614,,
304.52896925140425,39.46069620944149,128863.82189048291,14.656,0.879
304.79558710866155,39.4606272587953,42478.66447219187,,
304.895174292686,39.460622416150365,41799.25630091397,,
304.9053639391003,39.46053816037904,62934.10854325276,,
304.4870871455299,39.46171497877402,42579.176142148135,,
304.63679624202814,39.461693277863105,44824.518761464744,,
304.7412367700637,39.461775070700874,43788.37344645518,,
304.6111195874454,39.46201113951341,41338.4796926785,,
305.0396939025994,39.46120589152521,48246.36589660231,,
304.6013106699352,39.46225289518851,38806.34786120833,,
304.71967981547544,39.46211800465893,50885.25617369172,,
304.83213744657263,39.46200790566976,39487.205513263245,,
304.83934905752767,39.46193078205066,121758.3082308473,,
305.0213916621534,39.46140261217808,69956.31603116737,,
304.49779280147726,39.46301410941948,36528.40758758237,,
304.57488094543953,39.462302446035565,179774.64204489635,14.192,0.869
304.913677436549,39.46199054319511,62503.09319524539,,
304.6933350922529,39.462880267731116,40353.23163374275,,
304.6091613433353,39.46297991628313,73395.92605385088,,
304.66946360156703,39.46307539932146,45813.11737243999,,
304.61955926213847,39.463298253228714,68016.40729251532,,
304.93034842057887,39.46282584202907,51073.64573686453,,
304.79198525925096,39.463528172832,39364.39182363075,,
305.062383011955,39.46268763171767,143984.9918222149,14.569,0.994
304.73906170263274,39.46364721545605,652943.0717964029,nan,nan
304.5856689674779,39.464302026718265,41978.822885333066,,
304.68525182970853,39.464296294531415,38300.02188589716,,
304.7442875945525,39.4652634792599,211269.85720522632,,
304.77661678606404,39.46514540594482,41414.76515510168,,
304.7132646247821,39.465627691209384,1302773.0124018718,10.213,0.583
304.93419025968115,39.46490739917643,38861.36177409928,,
305.0503670023866,39.464689280200524,71017.7730934566,,
304.62629788556643,39.465621851968265,126975.52978041457,14.821,1.069
304.67812067018696,39.46558928780507,42661.85176768766,,
304.71330885479506,39.46563527507818,1299984.7099408153,10.213,0.583
304.72519107846966,39.46555081552404,48874.28727203993,,
304.8433257592964,39.46535212153119,52073.96657067221,,
304.55728805593145,39.46583343428583,55863.45126581417,16.25,1.139
304.61719831369743,39.46584240625386,362068.1797683724,13.281,0.934
304.75087516357553,39.465701768736544,46673.314554495286,,
304.8382572443722,39.46573815735077,36714.77063640276,,
304.7133005515224,39.465643942788574,1300239.7191013345,10.213,0.583
304.91074628187647,39.46593187183449,38957.80309486018,,
304.80659243837783,39.46641680815128,49064.38675775511,,
304.8978100964977,39.46647651455304,41052.22164082451,,
305.03821417447404,39.46632210704578,52156.29164261136,,
304.7661036406766,39.46708954736104,41655.287787655725,,
304.9173963972975,39.466767777872725,55823.62115299709,,
304.61515429730673,39.46739714986497,82944.17055731625,,
304.90834630834354,39.466956933497734,51753.637530508706,,
305.0504090171661,39.466566117196976,246156.2265103591,13.716,0.72
304.94853206858033,39.46723308353533,42535.75493280739,,
305.07585182167514,39.46670824934924,207772.32039599356,14.033,1.028
304.9236744631213,39.46767297913899,38714.33128301742,,
304.6864570363949,39.468807742593576,271479.1127749645,13.722,0.846
304.8235300457477,39.468746446419495,153227.57257391224,14.489,0.721
304.8877060463691,39.46888093699492,39298.91561287516,,
304.9348146448104,39.468754162092296,39192.3805596849,,
304.6618832308479,39.46945637688361,45647.70021340809,,
304.7081967640952,39.469638739426706,78110.129940032,,
304.84440115537416,39.46945858464929,48314.4428288173,,
305.03429662396906,39.46884427034536,43251.64221528828,,
305.03472154480227,39.46891972737898,44098.70716867064,,
304.71426590425324,39.46994575516963,93459.07830759644,,
304.7850422579915,39.46983157809261,69728.75350960335,,
304.87203891712585,39.47009176627999,102128.46198817506,15.08,0.856
304.9455360217341,39.46967934758823,247902.50357190162,13.803,0.746
304.4720023139457,39.4710711106873,101734.63138242238,14.654,0.812
304.7228464602301,39.47053669743688,41025.128415490966,,
304.77479264090647,39.47043686035568,245637.11588027704,13.887,0.847
304.8783496400898,39.47046607371322,55830.82058799173,,
304.52245933077046,39.4710133699503,51125.03405265129,,
304.702819566823,39.47082138967531,50402.97505823985,,
304.9636182746258,39.47049161238227,737621.8777095398,12.579,1.834
304.4632506522649,39.47114035029664,135598.88710326244,14.446,0.854
304.4720349837348,39.47107961007951,102525.23682287887,14.654,0.812
304.8982103563074,39.470791944096,41340.03797921253,,
304.803347193629,39.471630814392384,47804.760750270005,,
304.71136867697317,39.47206571426295,54763.075963246185,,
304.66785965997246,39.47215160455527,284441.04832044157,13.629,0.607
304.98602548715644,39.47172749810177,42828.759858526784,,
305.06793644655346,39.471304867922505,60950.255520615356,,
304.7001235204103,39.472395227173195,38989.02801858446,,
304.78465779957537,39.4723905787369,50273.617014650205,,
304.90762476930325,39.47217406999448,46775.315716974845,,
304.5450406940992,39.47274423852902,40319.89512163808,,
304.9512365265812,39.472523203215765,38645.56509517176,,
305.0119146573106,39.47222542513881,48794.64705645385,,
304.7571013253815,39.473159380708864,54344.57274888686,,
304.98089749394916,39.472605702472656,84103.13849552041,nan,nan
304.9955270522788,39.47281975785161,44849.96126085504,,
304.81113326784566,39.473352424237255,273483.0530016079,13.674,0.638
304.975206214308,39.473078282979245,41292.44253362714,,
304.90543709314085,39.47366169431679,156377.5673792826,,
304.83493029078033,39.47426448631201,39894.02596965661,,
304.5266408796119,39.47482530508982,88315.10504115601,,
304.74836670791865,39.474752721351166,40202.27666440155,,
304.77893354268264,39.474796594447234,40274.53137624497,,
304.93395298872906,39.47451297920889,153333.56396546392,14.482,0.755
305.06482335595354,39.47407737105947,44207.1903983816,,
304.85750969480137,39.474889520080055,63348.353614908025,16.147,1.118
304.9249629554219,39.4748415001989,39309.6874801313,,
304.90691183359155,39.47514553886053,676249.3090945166,12.457,0.734
305.0503621070661,39.47471378384461,145626.88479122374,,
304.51043941951434,39.47560310413893,48215.584003992386,,
304.84512924931425,39.47550824612919,47275.26188915305,,
304.72854773424194,39.476094453588,44344.79568176319,,
304.88062821193523,39.47600727455831,43023.928015711535,,
304.8473323927399,39.47627649402232,41347.78207485915,,
304.65923504259246,39.4766599424338,136506.36449733828,14.685,0.925
304.76545839416633,39.47654148301693,61154.30128522346,,
304.8667433568429,39.47644306047223,39420.90391135359,,
304.9451738992246,39.476150494341425,53878.68767632278,,
304.708232082019,39.47713897728253,55558.71296686417,,
304.82006856818157,39.47684891702724,40145.28691074956,,
304.7612242797673,39.477170139978476,115646.73661225138,,
304.9751437292273,39.47678241756717,42515.569372122445,,
304.99602278593903,39.47681251877007,38866.81339116508,,
305.0336957058041,39.47696889847276,41175.992298190184,,
304.9652415278299,39.477395690703204,85345.19766778637,,
305.0458132868482,39.47710405682781,85846.65413940111,,
305.022068873715,39.477391608989684,49519.812020235484,,
304.7066309110265,39.47832376355436,74500.92163898112,,
304.7334868007173,39.47854675711723,42188.82899354877,,
304.7612071464788,39.4771982296376,112439.4124761418,,
304.83885406021705,39.47815121997101,43598.95900513349,,
304.49999528594645,39.478643552479,46079.870970895136,,
304.84362334451106,39.478607082233935,43015.27317293399,,
304.7262915236691,39.47916769452618,100890.4826320352,,
305.0924528323846,39.47820575955771,50507.7249438583,,
305.00324102678195,39.479087109549205,250419.667524873,13.774,0.833
304.73300619799244,39.479897129453185,123791.21297851688,nan,nan
304.77693727123113,39.47982772367266,38857.94240347844,,
304.52659125531824,39.48003812723593,77108.832502107,,
304.69780812903014,39.48022523389967,49206.141638155066,,
305.0368681894823,39.47938356690318,1110653.5208180724,11.364,0.556
305.0368496013207,39.479384858450054,1114847.495708141,11.364,0.556
304.742269871096,39.48057464779655,90467.79638605019,,
304.8368358567926,39.48033671001948,44518.100243624634,,
304.87106950249296,39.48033129826894,54108.15071212952,,
304.94854116759814,39.48014571715936,74049.6841179479,,
304.988379956067,39.48002472685263,107257.01840907012,14.997,0.878
304.8980325615537,39.48042057463671,48298.854959506396,,
304.9003699764141,39.480374825178735,40572.78332130014,,
304.7638365634164,39.48083499392445,66935.7650485504,,
304.85518029815915,39.48086149481332,54241.71922278895,,
304.9030448680643,39.48112340875886,42120.6072673033,,
304.9699234907114,39.48082762663001,43524.98978875671,,
304.724974408493,39.48166001429804,47955.998231778685,,
304.7673814574061,39.481649011548235,164814.1061016606,14.173,0.714
304.83173210209407,39.48204389336095,40340.23465633151,,
304.74546718832323,39.48260259412844,76444.42161503919,,
304.93641457649255,39.4824120863303,47610.66356492121,,
304.5921924116813,39.48297026735713,63652.05159976857,,
304.8035233667795,39.48276192228699,41135.72966554304,,
304.9861500806023,39.4822739977358,48060.65354319812,,
304.89339636896784,39.48312471346291,37622.493973930534,,
304.4662918934939,39.4835283046031,42192.61854501108,,
304.56598455893084,39.4835927484994,48342.45594263377,,
304.7682904727568,39.48360763040806,82716.34370172491,,
304.8057849376603,39.483415594412016,62156.53870529047,,
304.8598601090384,39.48344306021126,40304.662842861864,,
305.0490561273447,39.48284227635236,43223.677932789804,,
304.534035024271,39.48375357085772,98211.00934805546,15.08,0.918
304.5765732851221,39.48385714909572,40763.77849009509,,
304.95708296327956,39.48333178796104,859235.3354836646,12.114,0.346
304.75114040752334,39.484026461904215,41974.09001494813,,
304.8148636108104,39.484388620024234,108839.43523073588,15.01,1.089
304.53397956603897,39.48377250685736,94550.93662222834,15.08,0.918
304.67444988034833,39.48481737064541,40162.5145010642,,
305.00544636005134,39.484313370695034,69527.16628432859,,
304.9015311017247,39.48475884947324,57691.9733904973,,
304.82087722524375,39.485223193147874,57547.405375553186,,
304.9427614019482,39.4851307483337,44688.83035263544,,
304.9464138453604,39.485142369298906,39482.42371464077,,
304.71318756090574,39.48604063202405,51895.85337027727,,
304.8208716232508,39.48532531989487,55198.86479067717,,
305.0264199219486,39.48545898820054,39047.62475160135,,
304.5758877282797,39.48643263948015,63511.64682939339,,
304.91509994632463,39.48635816078394,60157.636655165465,,
304.7252772595919,39.48681981500928,63328.55740426735,,
304.8056363108141,39.486867122448096,57577.431871466244,,
304.5549478617392,39.48709438348077,59191.66499255628,,
304.73213165967917,39.487151800954166,40123.97713689402,,
304.59704991977827,39.48769841563679,48258.45643654572,,
305.01250317238,39.48719755734815,38890.68284571554,,
304.8350301832926,39.48785944398064,45844.45729534228,,
304.85959333480406,39.4878286645245,40527.131943890214,,
304.8813033240516,39.487677177778856,40224.9654490847,,
305.0892189104035,39.4870040316796,81116.19314822246,,
304.6493348727982,39.48884433606593,57439.35109684648,,
304.4938037496394,39.488910859005884,626739.4193523992,,
304.7755872175947,39.488730312883675,294475.72591685486,13.596,0.606
304.8319111358989,39.48925401321121,39938.941835419326,,
305.0911347346513,39.48820903155227,72780.74254532484,,
304.79506147170537,39.48979786141466,43351.10511702063,,
305.04145718162323,39.4889557329743,51169.49209984114,,
304.5314713594138,39.49003925421816,64977.370718236874,,
304.80683088132076,39.48984604419665,54286.41082138725,,
304.7874293717012,39.49018812381478,59367.13382547037,,
304.8256635977273,39.49011517003365,41180.46746854898,,
304.61829711409456,39.490638211641304,40051.65901912019,,
304.4998693957674,39.49102279894012,1392676.0572716095,9.106,1.225
304.9716727802811,39.49012643863495,50162.75581417721,,
304.53295392929857,39.490909135160194,79469.91577436976,,
304.9143244105231,39.4905066322756,41703.706715058564,,
304.98139560783363,39.490442397088266,41778.48039383388,,
304.59340747923204,39.49141609096662,55067.385020763235,,
304.87171590993717,39.49112375441367,78135.3670107686,15.004,1.454
304.4999254185555,39.491063216699615,1391681.8707814247,9.106,1.225
304.9165112584263,39.491143878284674,51145.688015115324,,
304.9166456236418,39.49113962940191,51048.514359288296,,
305.0826862581431,39.49081644149129,41380.19775897617,,
304.45701739433275,39.49190458981635,54537.58785497698,,
304.7774680473296,39.49179043657109,47504.52822083991,,
304.4754981736106,39.49220818471825,153474.9927540474,14.351,0.78
304.9613650689507,39.491698795270516,39766.19501875549,,
304.87202561427233,39.49199095944673,86144.36109911889,15.004,1.454
304.92856417249027,39.4920022142676,38125.869706866724,,
304.81141657538217,39.492780513477506,51871.207751649235,,
304.68839550562296,39.49298784313794,59183.230271570304,,
304.97127391520786,39.492508187252824,58470.38449687817,,
304.78432321394445,39.4935399630827,64334.58724081583,,
305.07249273220145,39.492872837642366,38028.27757650579,,
304.76699576925716,39.493718596699075,47492.966681405065,,
304.9266147616569,39.4938913703183,48999.09953508003,,
304.92681541176205,39.4939306067378,49728.88820430247,,
305.03290427657913,39.49368256870073,89577.67747093379,nan,nan
304.50072178531383,39.49445388461578,49392.48599795965,,
304.87968525918785,39.49443701028625,87250.66140768136,15.407,0.894
304.81910568666325,39.49494472249472,39765.58901630492,,
304.884281733517,39.49465380288297,50915.4874864726,,
305.0976614992853,39.494755147790144,40904.73832749353,,
304.48426457538466,39.495890199267784,48674.160278818155,,
304.7742783862713,39.49573249414352,44277.95192765488,,
304.98600040668487,39.4955251502069,143627.66460819947,14.563,0.776
304.5004118712911,39.496266222265675,42738.38358913828,,
304.59874850121196,39.49638709955342,219371.20459698493,13.984,0.658
304.55612818197307,39.49666979023103,41466.02275365011,,
304.7706002617784,39.49660303231819,38310.97824026201,,
304.93276682603994,39.4961704876672,41720.36723885503,,
304.9638110680331,39.496209651316484,59367.078624682006,,
304.97897325255127,39.496187193130524,40006.75119275062,,
304.8150652137765,39.49701469505106,53863.404945878705,,
304.8281819699034,39.49703761927408,961434.0701960985,11.791,0.484
305.00638845978796,39.49724737823983,39665.899980985654,,
304.51465076661793,39.498028572278336,42391.043920911856,,
304.8769374460848,39.497768265398115,40914.78121731253,,
304.8369992149919,39.49822856294662,38588.34297972563,,
304.7781571006489,39.49836309634928,64574.778836092715,,
304.8676781339017,39.4982903537158,41038.251998141,,
305.04211531067824,39.49803310867199,57748.83394951693,,
304.77351071893037,39.49908153153351,40671.26921188282,,
305.01713062168704,39.498387691573356,74449.08631449507,nan,nan
304.4492646679817,39.499284390360664,185876.87578012308,14.048,0.578
304.87284376773766,39.49947157483417,155587.41499983767,14.591,1.961
304.9104157212758,39.49964675852333,39085.25274330575,,
304.81897220893035,39.499805495376066,112361.93254487554,,
304.83080920844577,39.499978855646155,57042.964696939554,,
304.7393809856996,39.50034246445951,48313.824512413645,,
304.8619786310695,39.50020021519787,46738.0479579387,,
305.0973887733966,39.499602529713755,48002.80781478012,,
304.5568906293632,39.50103291924222,351201.44933224696,13.341,0.515
304.80814544635757,39.50089224651949,44090.88314056093,,
304.9129735726868,39.50106497494014,41286.86562200775,,
305.0271714134853,39.50054434914041,116326.21470629939,,
304.86770732462185,39.501516921691916,40047.47938116288,,
304.7712556663101,39.501702664297014,89026.70958344715,,
304.77531278749484,39.502131208295246,130196.79137168874,,
305.04918494679123,39.501528085465274,44847.526324097445,,
304.9142170572276,39.50198680100492,39698.66209745311,,
304.9586230168891,39.501956530097935,63750.0834910891,,
305.0340166387923,39.501719344175505,42755.56295491756,,
305.0386255703765,39.50178106568259,58492.453060565895,,
305.0283246490233,39.50207680467738,46413.11353714593,,
304.9628410249116,39.502621709910095,211258.85382550093,13.977,0.723
305.1017461985194,39.50221323215848,185521.4570921235,14.316,1.127
305.02901223953955,39.5030625618682,48063.2312317354,,
304.7611567581353,39.503971849166,69422.87770938862,,
304.6870635640244,39.50421097603662,51948.55058707569,,
304.7914612692642,39.50419805346561,58765.33479398447,,
304.8546171282039,39.50428729931223,40221.90547300722,,
304.46490861263555,39.504604047581275,49316.93290734362,,
304.9982387260072,39.50410162373651,43034.08293393371,,
305.0242484233229,39.503832742048985,48864.637702723514,,
304.8589179910869,39.505273680831756,40417.92678516495,,
304.970005103669,39.50493694241736,40111.56159657024,,
304.7911647768309,39.50592602879351,112118.38014035123,14.736,1.044
304.7481414489526,39.50623421771943,39798.30305005334,,
304.62540395767405,39.50670217238891,65913.48267362232,,
304.86331786492025,39.50640475596695,66761.78691304396,,
304.9749900928684,39.505991655406135,66444.9085479054,,
304.9875174352066,39.50602628193528,46257.42394682211,,
304.7093749317202,39.50675089139523,77399.19260689053,,
304.6708128108806,39.50732685452177,46597.90026401514,,
304.9207339126315,39.50686454057987,41208.07325753422,,
305.05882049911816,39.50635617902507,99607.79696906604,15.11,1.066
304.63621573839106,39.50778251434241,43929.534345260356,,
304.68936343979715,39.507910977198435,39304.75956518758,,
304.53303466585345,39.50821347008789,40973.38958781733,,
304.5821279580529,39.50824982925792,54927.187718433095,,
304.6458823387256,39.50816408415105,62125.47710167392,,
305.00907517296235,39.50765640533372,40789.08120135903,,
304.708723047883,39.508283679893054,53053.9112973787,,
304.87798285990027,39.508229993593595,39885.16892760358,,
304.7143953523747,39.50881153873208,143719.82304433637,,
304.53180710454876,39.50912867470749,61054.932602131135,,
305.01812203457695,39.50844590703386,40209.35222066618,,
304.5484844786266,39.509189867231015,65867.48797592438,,
305.06683089960336,39.50856753822277,41642.180052367905,,
304.60539320104107,39.50978301597559,111802.97658777061,14.957,0.9
304.8971647091289,39.50955983762824,38121.376107122655,,
304.93093717669683,39.50935843189122,39195.06229870904,,
304.93929446035713,39.509155588221105,54264.34148219763,,
304.9954800417533,39.50903499771783,38602.07630469746,,
304.95237849158735,39.50968183095786,43684.09852871924,,
305.08626403897114,39.50934737349448,40245.84131465199,,
304.79267821481983,39.51047350974294,39606.85836182286,,
304.69196325695725,39.51069967028301,44352.769121238256,,
304.87789124283904,39.511544177301204,40460.773029107055,,
305.0254323072428,39.51122103074993,43047.33917381645,,
304.9734033062889,39.51213606038475,38579.873312644864,,
305.08344805473655,39.511961425365804,39482.43262129964,,
304.81942575692716,39.51282976362364,825878.6415171215,12.16,0.765
304.96247713022683,39.51253580111524,41025.77167376612,,
304.7077159941069,39.513167329664526,101678.7971803636,,
304.98285503757296,39.51315913254382,48435.125940806305,,
304.6126026541601,39.51339106936821,47799.36147183861,,
304.9102784946302,39.51334890086189,42080.160602157455,,
304.5282810641883,39.51385794598939,82863.55520751978,15.432,1.493
304.98282467211743,39.51318261070416,48625.06137643591,,
304.7146641746856,39.51403268263414,706376.2330002758,12.493,0.692
304.9272248048583,39.513675920649945,103754.06373221513,15.048,1.717
304.9400581819896,39.51370796947508,82427.3942962531,15.529,0.978
304.95942184855306,39.513679220239275,44292.57971950474,,
304.6819919571935,39.51443839969281,43549.45917890235,,
304.84822449715404,39.51423755674375,61529.90185781501,,
304.91682032395755,39.51414975727748,44449.02942287067,,
304.7755282827826,39.51468652793737,40122.3291213081,,
305.02496250730354,39.51401910406217,65147.408188987574,,
304.83468755129803,39.51469553898571,53685.56559882934,,
304.93553459402114,39.5145252163675,42932.914100006026,,
305.10131030305905,39.513981669940996,39698.82357918457,,
304.9272240368699,39.513704068900466,101612.85569890175,15.048,1.717
304.81544186418887,39.51593386321836,45915.8006716225,,
304.84732022081675,39.51578488566397,116793.49956316222,14.664,0.821
305.01656966379744,39.51601597015649,43138.055522441304,,
304.73816024420347,39.51684472445382,40039.79489385089,,
305.0936056231953,39.517962632139415,71312.83012516993,15.967,1.09
305.09365712327593,39.51796427301576,69590.43455761149,15.967,1.09
304.8879716560385,39.51920935467129,55615.28492101427,,
304.90011933704164,39.51938064627504,39260.481366746666,,
304.82428579822266,39.51960280186333,95719.18227970735,,
304.9580216575592,39.51926601886857,39842.808701723894,,
304.4544663236254,39.519991241869775,363143.032267168,13.238,0.9
305.0785698176614,39.5191179154357,510199.0483378162,12.921,0.756
305.03451386922995,39.51943437639489,73887.87621868712,15.8,0.628
304.66609581037176,39.52066137517846,41350.61451959899,,
304.7036374243684,39.521437224777486,39780.721767444964,,
304.63141050631543,39.521839758517764,39434.62488980741,,
304.91704891362605,39.521439222895246,39235.12363176591,,
304.5274465748063,39.52186272858497,98621.8125688258,15.129,1.058
304.7001592168337,39.52236596171918,46453.79413939518,,
304.8555562055149,39.522324237062435,112708.06492973561,15.012,0.96
304.8912423629079,39.522306237594925,42762.27838947102,,
304.806678784042,39.52277892631222,83805.54338595775,15.545,1.913
304.6023267262497,39.52318758197515,42797.764355987936,,
305.0256353266485,39.52272936156059,62369.42769239742,,
304.7619761728304,39.52383652692358,343824.8405398783,,
304.75979849048275,39.52413425735874,731182.4961543926,,
304.4724945912761,39.52432240005062,41585.33466298905,,
304.641267679648,39.52439732117875,54436.337397627445,,
304.9791936354764,39.52378230315463,41512.800944760056,,
304.6108635469356,39.5248843577827,39839.43498536642,,
305.04113648662303,39.524266617985965,40247.581083113946,,
304.83437225824304,39.524977441429314,52456.57559157652,,
305.0878605131834,39.52424169827424,49837.76088401019,,
305.0073772581274,39.52488333749958,64173.46435749462,,
305.0541814623154,39.5248485717371,46649.5687114797,,
305.00113169161733,39.5253095702577,50586.70199040707,,
304.49475641394156,39.52635677683774,52909.41292124336,,
304.46881346281054,39.526752329266415,39473.936255982306,,
304.61214991536866,39.526866539073396,52597.255234690376,,
304.62219242411965,39.52681471979947,48654.32967230444,,
305.0241634650922,39.52654149368155,44927.88938616,,
304.62337493027354,39.52750213873105,39097.62632166129,,
304.764291038781,39.52758810430064,76563.96574613839,,
304.7795496268824,39.52755364354902,45005.64317567738,,
304.70445035823053,39.52813024211682,69347.7070576754,,
304.72278054240803,39.528486267854255,47116.01376697555,,
304.97634352425433,39.52826718321987,44825.211614589374,,
304.7306811644698,39.52956702514149,40066.71771330234,,
304.7363386364341,39.52957398916348,172255.50724486218,14.337,0.98
305.0493564621728,39.5291763314151,103528.05553807669,15.09,1.209
304.64590820571254,39.53037427561201,58733.014785156614,,
305.1004705971036,39.530759187815576,218998.3690741021,13.804,0.721
304.88355721311035,39.53189802338125,41689.86815963678,,
304.483377711662,39.53245415003084,129564.96769496618,14.655,0.947
304.4997640302623,39.532562013107956,38760.664306191764,,
304.6983115227449,39.53262719021866,47418.84417830458,,
304.4895251968774,39.53271088247915,42831.05660210563,,
304.7684895975861,39.53323648675498,124932.37017315639,14.309,0.906
304.7888247360277,39.53314787200286,38638.1734054995,,
304.96940153235505,39.532502144841814,43552.431685909054,,
304.7686830729788,39.533228480289935,168025.77677272368,14.309,0.906
304.8070481842338,39.533337198080204,41898.43492837754,,
304.9786774538826,39.533169807513374,122648.45904852629,14.77,0.836
304.455316965317,39.53394761078281,53159.88219528804,,
304.5644501142973,39.53433176949728,108031.06417065383,14.822,1.328
304.9245938349348,39.53407753574465,47913.25188610102,,
304.51905503127335,39.535372997617856,39472.65457542817,,
304.8867470790229,39.53519391769106,42922.055775670015,,
305.0559508438695,39.53479681634205,45988.31214896888,,
304.75961615870375,39.53663222715214,39485.01610327837,,
304.93131860233626,39.536179561870576,39011.896475442314,,
304.7950367220578,39.536741971415374,61159.13708694094,,
304.88113405866784,39.53670635454484,58741.31875960995,,
305.04487064923586,39.53646386433547,78324.73505730115,,
305.09912284546954,39.53622954143821,73918.17023857885,,
304.4836410391608,39.53761647252266,40744.95248378163,,
304.7216147698817,39.5376117852632,40939.05170287973,,
304.9170171207615,39.53720331094523,42102.61604594856,,
304.68374798039576,39.53860362402935,40247.41356564753,,
304.7839875019564,39.53857467990542,60039.12124981082,,
305.0594319992845,39.53789702823028,37839.033656074775,,
305.09865883673183,39.53805903843507,53186.67074256322,,
304.97711694741696,39.53887292316566,40887.48212438878,,
305.05302676097205,39.538629065717046,41668.87527896747,,
304.6262936818943,39.53966300953039,45019.94922912425,,
305.0838028549191,39.53924902796978,39431.27116192023,,
304.83497957730145,39.54050992815846,39919.36759709885,,
304.5379593573668,39.540870576670166,40079.0715993256,,
304.8165845083277,39.540606492048866,41464.78599132381,,
305.0416230598656,39.540095406364266,137824.23317627108,,
304.55575447692365,39.541151452500266,73449.48955537411,15.748,0.699
304.65728717022614,39.541583915862034,54066.69981883657,,
304.7784867907393,39.54153204418925,456223.8348794186,13.056,0.756
304.75640458026214,39.542016255939046,50149.81857830856,,
304.9654896224121,39.541775815352054,43103.21087893934,,
304.88923297790586,39.54235411825267,40300.95909006068,,
305.02418706164946,39.54185059703592,43256.638330709175,,
304.58219242979055,39.5432130370488,65584.92731366181,,
304.8483722100573,39.543209482369804,40029.721344652666,,
304.5769086459424,39.54368740241699,577719.3633331021,12.905,1.682
304.68486018210524,39.54396985838853,41233.422779618246,,
305.02954975519754,39.54325226211522,37704.738805713234,,
304.60788540475653,39.54460128974322,342756.50105702225,13.437,0.502
304.59062620906184,39.54484426281446,65678.21504376005,,
304.80907839741644,39.54505930856822,40359.810404424774,,
304.62515192729126,39.54532912111576,44730.95814171739,,
304.6975142572687,39.54575960659032,42248.044712014016,,
304.72686525076296,39.54574868900254,571628.226646723,12.819,0.543
304.665471039942,39.54604632576996,39742.65959598585,,
304.9225535008726,39.545906806601515,50263.009207694784,,
304.70524989565706,39.546676758836014,159823.91232527772,14.453,0.744
304.7711745426972,39.54667684031806,440219.49534496636,13.109,0.788
304.99348427297235,39.54620973406319,39543.98220626596,,
305.06069275917764,39.54589200947001,67653.25401388081,,
304.57002092731625,39.54691799461471,50311.77566858656,,
304.61823673116004,39.54752201815805,41257.19185499181,,
304.9183087551506,39.54722240002402,514295.6472432262,12.896,0.682
305.0453442234401,39.54671180050678,51558.049021249644,,
304.966995428141,39.547257991138004,44901.414135088795,,
304.66663375478066,39.54939100628834,96120.10773287567,15.17,0.82
304.7390933360318,39.549223438777666,73721.07756631942,15.832,1.022
304.67901817838685,39.54955098779148,39988.47756433528,,
305.0183960775392,39.54957803888488,66011.31944540271,,
304.9665679534603,39.55161173630915,89875.09253435423,,
304.56825533864003,39.55132886276076,39395.78199741215,,
304.8444856164721,39.55127453530811,69258.35650018108,15.853,1.188
304.79408779427536,39.552203195253206,42035.51192909128,,
304.96657674689095,39.55166108265181,93100.32064951869,,
304.45948572997827,39.55237929515816,39651.878786353125,,
304.496438836189,39.55237809722329,42197.029843081145,,
304.55922209790265,39.55236172907444,137895.18326876254,14.671,0.815
304.58500383249066,39.55260166670315,59834.932630628675,,
304.9966333938593,39.55235359677206,41324.93881644954,,
304.85851063476264,39.55328362049897,56960.81574341065,nan,nan
304.99850033895274,39.55298681477547,168748.55589207128,14.318,0.676
304.95514679404334,39.55367773275926,38837.8236415837,,
305.0141136828271,39.5532824198195,1194589.777380022,11.039,0.244
305.0141092792145,39.55328222605552,1195777.3377289393,11.039,0.244
304.5899569803864,39.55433445273158,79848.02203542888,,
305.01411054798825,39.55328669554882,1194469.5712917014,11.039,0.244
304.57246628379244,39.554816185481364,62489.217705861265,,
304.6532616757418,39.55484769731033,42740.384323494545,,
304.7122554109265,39.55487987499829,43939.44290735692,,
304.78699525957524,39.55467565773222,50281.99654388401,,
